<?xml version="1.0" encoding="UTF-8"?>
<!DOCTYPE suite SYSTEM "http://testng.org/testng-1.0.dtd" >
<suite name="Suite" parallel="tests" thread-count="1">
	<!-- Data sheet location and root folder location are declared for the entire 
		suite -->
	<parameter name="TestDataSheetLocation" value="src/test/resources/TestData.xlsx" />
	<parameter name="RootLocationOfFlatFiles" value="src\test\resources\Test Data" />	
	<parameter name="ResultsDestinationFolderPath" value="target/Results/"></parameter>
	
	<!-- DB environment values are declared for the entire suite -->
	<parameter name="DB_Name" value="FACN52A" />
	<parameter name="DB_User" value="" />
	<parameter name="DB_Pwd" value="" />
	<parameter name="DB_Server" value="UORC372N.dev.bscal.local" />
	<parameter name="DB_Port" value="12521" />
	
	<!-- |||||||||||||||||||||||||||IN SCOPE TEST CLASSES||||||||||||||||||||||||||||| -->
	
	<test name="InboundFileTesting" parallel="tests" thread-count="1">
		<parameter name="NameOfTestDataSheet" value="MAMtoEAM" />		
		<classes>			
			<class name="com.bsc.qa.facets.tests.BscaMAMtoEAMTest"></class>			
		</classes>
	</test>

	<!-- |||||||||||||||||||||||||||END OF SCOPE TEST CLASSES||||||||||||||||||||||||||||| -->
</suite>


 