<?xml version="1.0" encoding="UTF-8"?>
<!DOCTYPE suite SYSTEM "http://testng.org/testng-1.0.dtd">
<suite name="Suite" parallel="tests" thread-count="4">
	<listeners>
	<listener class-name="com.bsc.qa.framework.listener.WebDriverListener"></listener>
	</listeners>
	
	<test name="AuthAccelUMTest" parallel="tests" thread-count="4">
		<parameter name="Browser_" value="chrome"/>		
		<parameter name="Driver_" value="src\test\resources\selenium_standalone_binaries\windows\googlechrome\32bit\chromedriver.exe"/>
		<parameter name="Url_" value="https://uat.medhokbsca.com/"/>
		<parameter name="ImplicitWait_" value="false"/>
		<parameter name="Env_" value="testingSheetName"/>
		<classes>
			<class name="com.bsc.qa.web.tests.AuthAccelTest"/> 
		</classes>
	</test> 	

  <!-- <test name="CitrixForgotPasswordLinkTest" parallel="tests" thread-count="2">
		<parameter name="Browser_" value="IE"/>		
		<parameter name="Driver_" value="src\test\resources\selenium_standalone_binaries\windows\internetexplorer\32bit"/>
		<parameter name="Url_" value="https://connect.bsc.bscal.com/vpn/index.html"/>
		<parameter name="ImplicitWait_" value="true"/>
		<classes>
		 	<class name="com.bsc.qa.web.tests.CitrixResetPasswordURLTest" /> 	
		</classes>
	</test>	 -->
	
</suite>
