<?xml version="1.0" encoding="UTF-8"?>
<!DOCTYPE suite SYSTEM "http://testng.org/testng-1.0.dtd" >
<suite name="Suite" parallel="tests" thread-count="1">
   <!-- Data sheet location and root folder location are declared for the entire suite  -->
   <parameter name="TestDataSheetLocation" value="src/test/resources/TestData.xlsx"/>
    <!-- <parameter name="RootLocationOfFlatFiles" value="\\bsc\\it\\ITQA_Automation\\Facets_Accumlators\\test_files\\outbound"/>  -->
   <parameter name="RootLocationOfFlatFiles" value="src/test/resources/test_files/outbound"/>
   <!-- DB environment values are declared for the entire suite  -->
   
             <parameter name="DB_Name" value="FACH71A"/>
             <parameter name="DB_User" value="NTE1MF83MDcyODEwMjEwdWhkYW1heXNwZXJjZW50MDMyNzA1NDA="/>
             <parameter name="DB_Pwd" value="MjEzNV84MDcwODEwMiU0MzIxWjhud2FyZCQ0cmV0YWVleHBsb3JlMTIwNzUzMTA="/>
             <parameter name="DB_Server" value="uorc392h.dev.bscal.local"/>
             <parameter name="DB_Port" value="12521"/>
             
<!-- DBP SHDW  -->
<!-- BSC_DBP_FACETS_SHDW_ACCUM -->
  <test name="BscAccumToDBPSHDWTest" parallel="tests" thread-count="1">
    <parameter name="NameOfTestDataSheet" value="BSCA_ACCUMS_TO_DBPSHDW"/> 
     <parameter name="FileSpecificFolderName" value="BSC_ACCUMS_TO_DBPSHDW"/>
	  <classes>
	  <class name="com.bsc.qa.facets.tests.BscaAccumToDBPSHDWTest">
	 </class>
	</classes>
    </test>
    </suite>

    
  
 