<?xml version="1.0" encoding="UTF-8"?>
<!DOCTYPE suite SYSTEM "http://testng.org/testng-1.0.dtd" >
<suite name="Suite" parallel="tests" thread-count="1">
   <!-- Data sheet location and root folder location are declared for the entire suite  -->
   <parameter name="TestDataSheetLocation" value="src/test/resources/TestData.xlsx"/>
    <!-- <parameter name="RootLocationOfFlatFiles" value="\\bsc\\it\\ITQA_Automation\\Facets_Accumlators\\test_files\\outbound"/>  -->
   <parameter name="RootLocationOfFlatFiles" value="src/test/resources/test_files/outbound"/>
   <!-- DB environment values are declared for the entire suite  -->
		<parameter name="DB_Name" value="FACN51A"/>
		<parameter name="DB_User" value="NTE1MF83MDcyODEwMjEwdWhkYW1heXNwZXJjZW50MDMyNzA1NDA="/>
		<parameter name="DB_Pwd" value="NDE2NV83MDcyODEwMiU0MzIxWjhyZWJtdSQwN2thZWJwcm9taXNlMDIyNzU2MDk="/>
		<parameter name="DB_Server" value="uorc398n.dev.bscal.local"/>
		<parameter name="DB_Port" value="12521"/>
    <!-- |||||||||||||||||||||||||||IN SCOPE TEST CLASSES||||||||||||||||||||||||||||| -->

<!-- BSCA_ACCUMS_TO_CVS -->

   <test name="BSCA_ACCUMS_TO_CVS" parallel="tests" thread-count="1">
	 <parameter name="NameOfTestDataSheet" value="BSCA_ACCUMS_TO_CVS"/> 
	 <parameter name="FileSpecificFolderName" value="BSCA_ACCUMS_TO_CVS"/>
	  <classes>
	   <class name="com.bsc.qa.facets.tests.BscaAccumsToCVSTest">
	  </class>
	 </classes>
    </test>	

 <!-- BSC_Optum_FACETS_ACCUM -->
  <!--  
   <test name="BscAccumToOptumRXTest" parallel="tests" thread-count="1"> 
    	<parameter name="NameOfTestDataSheet" value="BSCA_ACCUMS_TO_OPTUM_RX _MATX"/> 
	<parameter name="FileSpecificFolderName" value="BSCA_ACCUMS_TO_OPTUM_RX"/>
		<classes>
	 <class name="com.bsc.qa.facets.tests.BscaAccumToOptumRXTest">
	 </class>
	</classes>
 </test>   
-->
    
 <!-- |||||||||||||||||||||||||||END OF SCOPE TEST CLASSES||||||||||||||||||||||||||||| -->
</suite>

    


	