<?xml version="1.0" encoding="UTF-8"?>
<!DOCTYPE suite SYSTEM "http://testng.org/testng-1.0.dtd" >
<suite name="Suite" parallel="tests" thread-count="1">
   <!-- Data sheet location and root folder location are declared for the entire suite  -->
   <parameter name="TestDataSheetLocation" value="src/test/resources/TestData.xlsx"/>
   <parameter name="RootLocationOfFlatFiles" value="src/test/resources/Test Data"/>
   <parameter name="FileFieldAndDBColumnMappingFilePath" value="src/test/resources/FileFieldAndTableColumnMapping.xlsx"></parameter>
   <parameter name="ResultsDestinationFolderPath" value="target/Results/"></parameter>
   
   <!-- DB environment values are declared for the entire suite  -->
		<!-- <parameter name="DB_Name" value="PROPQ02A"/>
		<parameter name="DB_User" value="MDExNV83MDUwODEwMk5PSVNSRVZOT0NfU01JUGV4Y2x1ZGUxMDA1NTEyMA=="/>
		<parameter name="DB_Pwd" value="MDEyNV83MDUwODEwMjEyNjU0I192bm9jYjJ0b0dzb21lb25lMTAwNTUyMTM="/>
		<parameter name="DB_Server" value="uora1517n"/> 
		<parameter name="DB_Port" value="12521"/> -->
		<!-- DB environment values are declared for the entire suite  -->
		<parameter name="DB_Name" value="PROPE01A"/>
		<parameter name="DB_User" value="NDE5M185MDQwODEwMjEwZWVyYXBueXNjcnlzdGFsMDIwNDM5NDI="/>
		<parameter name="DB_Pwd" value="NDEwNF85MDQwODEwMjBsaUtfeTNrc2loV19hdDNCX28zbTBSc29tZWhvdzAyMDQ0MDQ2"/>
		<parameter name="DB_Server" value="uora1554h"/> 
		<parameter name="DB_Port" value="12521"/>
  <!-- DB environment values are declared for the entire suite  -->
		<!-- <parameter name="DB_Name" value="PROPU02A"/>
		<parameter name="DB_User" value="MDExNV83MDUwODEwMk5PSVNSRVZOT0NfU01JUGV4Y2x1ZGUxMDA1NTEyMA=="/>
		<parameter name="DB_Pwd" value="MDEyNV83MDUwODEwMjEyNjU0I192bm9jYjJ0b0dzb21lb25lMTAwNTUyMTM="/>
		<parameter name="DB_Server" value="uora1523h"/> 
		<parameter name="DB_Port" value="12521"/> -->
   <!--  |||||||||||||||||||||||||||IN SCOPE TEST CLASSES||||||||||||||||||||||||||||| -->
   <!--  <parameter name="DB_Name" value="FACH64A"/>
		<parameter name="DB_User" value="MzIyMF81MDYxODEwMjEwYWRsYWxheXNjZWlsaW5nMTExNjAyNDI="/>
		<parameter name="DB_Pwd" value="MzIyMF81MDYxODEwMmF0bDNEX21yMGYxblVfdDBydHgwRmRpc2Vhc2UxMTE2MDIxOQ=="/>
		<parameter name="DB_Server" value="uorc392h.dev.bscal.local"/>
		<parameter name="DB_Port" value="12521"/> --> 
		

 <!-- ASHP_ACCUMS_TO_OPTUM_RX -->
  <test name="InboundFileTesting" parallel="tests" thread-count="1">
	<parameter name="NameOfTestDataSheet" value="BSCA_Care1st_MM_Test"/> 
	<classes>
	<!--  <class name="com.bsc.qa.facets.tests.BscaAccumToOptumRXTest"></class> -->
	 <class name="com.bsc.qa.facets.tests.BscaCare1stMMTest"></class>
	 <!--  <class name="com.bsc.qa.facets.tests.BscaCare1stMMTest"></class> -->
	 <!--  <class name="com.bsc.qa.facets.tests.BscaCare1stMMInboundAutomation"></class> -->
	</classes>
 </test>
 
 <!-- |||||||||||||||||||||||||||END OF SCOPE TEST CLASSES||||||||||||||||||||||||||||| -->
</suite>
    
    <!-- |||||||||||||||||||||| ADD <TESTS> CALSSES TO RUN  ABOVE |||||||||||||||||||||||| -->
    <!-- |||||||||||||||||||||||||||OUT OF SCOPE TEST CLASSES||||||||||||||||||||||||||||| -->
	<!-- <=== DO NOT REMOVE
	
	
		
 <test name="FlatFileTesting" parallel="tests" thread-count="1">
	<parameter name="NameOfTestDataSheet" value="OutboundTestingData"/> 
	<parameter name="FileSpecificFolderName" value="BSCA_ACCUMS_TO_CVS"/>
	<classes>
	 <class name="com.bsc.qa.facets.tests.Bsca_Accums_To_CVS_Test">
	 </class>
	</classes>
 </test> 
 

 <test name="OUTBOUND_BSCA_ACCUMS_TO_EIS" parallel="tests" thread-count="1">
	<parameter name="NameOfTestDataSheet" value="BSCA_ACCUMS_TO_EIS"/>  
	<parameter name="FileSpecificFolderName" value="BSCA_ACCUMS_TO_ESI"/>
	<classes>
	 <class name="com.bsc.qa.facets.tests.Bsca_Accums_To_CVS_Test2">
	 </class>
	</classes>
 </test> 
 
     DO NOT REMOVE ===> --> 
    <!-- |||||||||||||||||||||||||||END OUT OF SCOPE TEST CLASSES||||||||||||||||||||||||||||| -->
 