<?xml version="1.0" encoding="UTF-8"?>
<!DOCTYPE suite SYSTEM "http://testng.org/testng-1.0.dtd" >
<suite name="Suite" parallel="tests" thread-count="1">
   <!-- Data sheet location and root folder location are declared for the entire suite  -->
   <parameter name="TestDataSheetLocation" value="src/test/resources/TestData.xlsx"/>
   <parameter name="RootLocationOfFlatFiles" value="src/test/resources/test_files/outbound"/>
 
   <!-- DB environment values are declared for the entire suite  -->
   <parameter name="DB_Name" value="FACN32A"/>
	<parameter name="DB_User" value="ENTER ENCRYPTED USRID HERE"/>
	<parameter name="DB_Pwd" value="ENTER ENCRYPTED PWD HERE"/>
   <parameter name="DB_Server" value="uorc372n.dev.bscal.local"/>
   <parameter name="DB_Port" value="12521"/>
 
    <!-- |||||||||||||||||||||||||||IN SCOPE TEST CLASSES||||||||||||||||||||||||||||| -->
    
 <!-- NAME YOOUR TEST BASED ON FILE NAME -->
  <test name="FlatFileTesting" parallel="tests" thread-count="1">
    <parameter name="NameOfTestDataSheet" value="name_of_your_data_sheet_here"/> 
     <parameter name="FileSpecificFolderName" value="name_of_your_file_type"/>
	<classes>
	  <class name="com.bsc.qa.facets.tests.BscaAccumToOptumRXTest">
	 </class>
	</classes>
    </test>
 <!-- |||||||||||||||||||||||||||END OF SCOPE TEST CLASSES||||||||||||||||||||||||||||| -->
</suite>
