<?xml version="1.0" encoding="UTF-8"?>
<!DOCTYPE suite SYSTEM "http://testng.org/testng-1.0.dtd" >
<suite name="Suite" parallel="tests" thread-count="1">
   <!-- Data sheet location and root folder location are declared for the entire suite  -->
   <parameter name="RootLocationOfFlatFiles" value="src/test/resources/Test Data"/>
	<parameter name="ResultsDestinationFolderPath" value="target/Results/"></parameter>   
   <parameter name="TestDataSheetLocation" value="src/test/resources/TestData.xlsx"/>   
   <parameter name="NameOfTestDataSheet" value="BSCA_Care1st_MM_Test"/>
  <!-- <parameter name="ResultsSourceFolderPath" value="C://Users//rbhima01//bqsa32//workspace//MMInFileVal"></parameter> -->  
 <!-- <parameter name="InputFilesFolderPath" value="\\\\bsc\\it\\ITQA_Automation\\Care1st Member migration\\Automation\\SUC automation\\Test Data\\"></parameter> -->
  <!-- DB environment values are declared for the entire suite  -->
		<!-- <parameter name="DB_Name" value="FACN52A"/>
		<parameter name="DB_User" value="NzE3MV84MDgwODEwMjEwdWxsdXBheXNyZXN0b3JlMDUwODE3MjQ="/>
		<parameter name="DB_Pwd" value="NzE4MV84MDgwODEwMmRuZWtjYWJfMjVzc2FQaGVhbHRoeTA1MDgxODE2"/>
		<parameter name="DB_Server" value="uorc372n.dev.bscal.local"/>
		<parameter name="DB_Port" value="12521"/> -->
   <!--  |||||||||||||||||||||||||||IN SCOPE TEST CLASSES||||||||||||||||||||||||||||| -->
   <!--  <parameter name="DB_Name" value="FACH71A"/>
		<parameter name="DB_User" value=""/>
		<parameter name="DB_Pwd" value=""/>
		<parameter name="DB_Server" value="uorc392h.dev.bscal.local"/>
		<parameter name="DB_Port" value="12521"/> -->
		
		<!-- <parameter name="DB_Name" value="FACN51A"/>
		<parameter name="DB_User" value="MjE0M18zMDAyOTEwMjEwYW1paGJyeXNoZWF2aWx5MTIyMDM0NTM="/>
		<parameter name="DB_Pwd" value="MjE1M18zMDAyOTEwMjA5ODc2NTQzMjEkZXNhYmF0QURyZXN0b3JlMTIyMDM1MTc="/>
		<parameter name="DB_Server" value="uorc398n.dev.bscal.local"/>
		<parameter name="DB_Port" value="12521"/> -->
		
		   
		 <parameter name="DB_Name" value="FACH64A"/>
		<parameter name="DB_User" value="NTE0Ml8zMDAyOTEwMjEwYW1paGJyeXN3aW5uaW5nMDMyMDI0MDQ="/>
		<parameter name="DB_Pwd" value="NjE0MF8zMDAyOTEwMjA5ODc2NTQzMjElZXNhYmF0QURmYWlsaW5nMDQyMDA0NTQ="/>
		<parameter name="DB_Server" value="uorc392h.dev.bscal.local"/>
		<parameter name="DB_Port" value="12521"/>
 <!-- ASHP_ACCUMS_TO_OPTUM_RX -->
  <test name="XmlToDbValidation_EOB" parallel="tests" thread-count="1">
	 
	<classes>
	
	 <class name="com.bsc.qa.facets.tests.BscaCare1stMMTest"></class>
	 
	</classes>
 </test>
 
 <!-- |||||||||||||||||||||||||||END OF SCOPE TEST CLASSES||||||||||||||||||||||||||||| -->
</suite>
    