<?xml version="1.0" encoding="UTF-8"?>
<!DOCTYPE suite SYSTEM "http://testng.org/testng-1.0.dtd" >
<suite name="Suite" parallel="tests" thread-count="1">
   <!-- Data sheet location and root folder location are declared for the entire suite  -->
   <parameter name="RootLocationOfFlatFiles" value="src/test/resources/Test Data"/>
	<parameter name="ResultsDestinationFolderPath" value="target/Results/"></parameter>   
   <parameter name="TestDataSheetLocation" value="src/test/resources/TestData.xlsx"/>   
  <!-- <parameter name="ResultsSourceFolderPath" value="C://Users//rbhima01//bqsa32//workspace//MMInFileVal"></parameter> -->  
 <!-- <parameter name="InputFilesFolderPath" value="\\\\bsc\\it\\ITQA_Automation\\Care1st Member migration\\Automation\\SUC automation\\Test Data\\"></parameter> -->
  <!-- DB environment values are declared for the entire suite  -->
		<!-- <parameter name="DB_Name" value="FACN52A"/>
		<parameter name="DB_User" value="NzE3MV84MDgwODEwMjEwdWxsdXBheXNyZXN0b3JlMDUwODE3MjQ="/>
		<parameter name="DB_Pwd" value="NzE4MV84MDgwODEwMmRuZWtjYWJfMjVzc2FQaGVhbHRoeTA1MDgxODE2"/>
		<parameter name="DB_Server" value="uorc372n.dev.bscal.local"/>
		<parameter name="DB_Port" value="12521"/> -->
   <!--  |||||||||||||||||||||||||||IN SCOPE TEST CLASSES||||||||||||||||||||||||||||| -->
    <parameter name="DB_Name" value="FACH71A"/>
		<parameter name="DB_User" value="MjEzNF8yMTMxODEwMjEwZWRyYWJteXNjb3VudGVyMTIxMzQzMjI="/>
		<parameter name="DB_Pwd" value="MjEyNF8yMTMxODEwMjEyMzQ1Njc4OTAjc3lzb2ZuSWltYWdpbmcxMjEzNDI1OQ=="/>
		<parameter name="DB_Server" value="uorc392h.dev.bscal.local"/>
		<parameter name="DB_Port" value="12521"/>
		
		  <!-- DB environment values are declared for the entire suite  -->
	<!-- 	 <parameter name="DB_Name" value="FACH64A"/>
		<parameter name="DB_User" value="MjI0NV8wMTcyODEwMjEwZWRyYWJteXN2aWxsYWdlMTAyNzU0NTc="/>
		<parameter name="DB_Pwd" value="MjI2NV8wMTcyODEwMjA5ODc2NTQzMjEjc3lzb2ZuSXNvY2lldHkxMDI3NTYwNQ=="/>
		<parameter name="DB_Server" value="uorc392h.dev.bscal.local"/>
		<parameter name="DB_Port" value="12521"/> -->
 <!-- ASHP_ACCUMS_TO_OPTUM_RX -->
  <test name="XmlToDbValidation_Provider" parallel="tests" thread-count="1">
	<parameter name="NameOfTestDataSheet" value="BSCA_Care1st_MM_Test_Provider"/> 
	<classes>
	<!--  <class name="com.bsc.qa.facets.tests.BscaAccumToOptumRXTest"></class> -->
	 <class name="com.bsc.qa.facets.tests.BscaCare1stMMTest"></class>
	 <!--  <class name="com.bsc.qa.facets.tests.BscaCare1stMMTest"></class> -->
	  
	<!--  <class name="com.bsc.qa.facets.tests.BscaCare1stMMInboundAutomation"></class> -->
	</classes>
 </test>
 
 <!-- |||||||||||||||||||||||||||END OF SCOPE TEST CLASSES||||||||||||||||||||||||||||| -->
</suite>
    
    <!-- |||||||||||||||||||||| ADD <TESTS> CALSSES TO RUN  ABOVE |||||||||||||||||||||||| -->
    <!-- |||||||||||||||||||||||||||OUT OF SCOPE TEST CLASSES||||||||||||||||||||||||||||| -->
	<!-- <=== DO NOT REMOVE
	
	
		
 <test name="FlatFileTesting" parallel="tests" thread-count="1">
	<parameter name="NameOfTestDataSheet" value="OutboundTestingData"/> 
	<parameter name="FileSpecificFolderName" value="BSCA_ACCUMS_TO_CVS"/>
	<classes>
	 <class name="com.bsc.qa.facets.tests.Bsca_Accums_To_CVS_Test">
	 </class>
	</classes>
 </test> 
 

 <test name="OUTBOUND_BSCA_ACCUMS_TO_EIS" parallel="tests" thread-count="1">
	<parameter name="NameOfTestDataSheet" value="BSCA_ACCUMS_TO_EIS"/>  
	<parameter name="FileSpecificFolderName" value="BSCA_ACCUMS_TO_ESI"/>
	<classes>
	 <class name="com.bsc.qa.facets.tests.Bsca_Accums_To_CVS_Test2">
	 </class>
	</classes>
 </test> 
 
     DO NOT REMOVE ===> --> 
    <!-- |||||||||||||||||||||||||||END OUT OF SCOPE TEST CLASSES||||||||||||||||||||||||||||| -->
 