<?xml version="1.0" encoding="UTF-8"?>
<!DOCTYPE suite SYSTEM "http://testng.org/testng-1.0.dtd">
<suite name="Suite" parallel="tests" thread-count="1">
 <parameter name="TestDataSheetLocation" value="TestData/Data_Sheet.xlsx"/>
	 <parameter name="NameOfTestDataSheet" value="Input"/>
		<parameter name="dataSheetName" value="Datasheet"/>
		<parameter name="folderPath" value="src/test/resources/pdfInput"/>
		<parameter name="targetSheetName" value="Input"/>
		<parameter name="tagName" value="stmt"/>
		<parameter name="toolName" value="XmlToPdfValidator"/>
		<parameter name="toolType" value="Java"/>
		<parameter name="noofRecords" value="21"/>
		<parameter name="manualEffort" value="12600"/>
		  <test name="XMLToPDFValidator" parallel="tests" thread-count="1">
  <classes>
	 <class name="com.bsc.qa.PCPNotification.XmlToPdfValidator.XmlToPdfTester"></class>
	</classes>
  </test> <!-- Test -->
</suite> <!-- Suite -->
