<?xml version="1.0" encoding="UTF-8"?>
<!DOCTYPE suite SYSTEM "http://testng.org/testng-1.0.dtd" >
<suite name="Suite" parallel="tests" thread-count="1">
   <!-- Data sheet location and root folder location are declared for the entire suite  -->
   <parameter name="TestDataSheetLocation" value="src/test/resources/TestData.xlsx"/>
   <!-- <parameter name="RootLocationOfFlatFiles" value="\\bsc\\it\\ITQA_Automation\\Facets_Accumlators\\test_files\\outbound"/>  -->
   <parameter name="RootLocationOfFlatFiles" value="src/test/resources/test_files/outbound"/>

   <!-- DB environment values are declared for the entire suite  -->
		<parameter name="DB_Name" value="FACN52A"/>
		<parameter name="DB_User" value="NjE1M180MDMwODEwMjEwc2FyYW5zeXNtaWxsaW9uMDQwMzM1MDY="/>
		<parameter name="DB_Pwd" value="NjE1M180MDMwODEwMkNTQlI3NWVyaWRfNzdkbGFic2VjdGlvbjA0MDMzNTUy"/>
		<parameter name="DB_Server" value="uorc372n.dev.bscal.local"/>
		<parameter name="DB_Port" value="12521"/>
    <!-- |||||||||||||||||||||||||||IN SCOPE TEST CLASSES||||||||||||||||||||||||||||| -->

  <!-- 2 BSCA_SHDW_ACCUMS_TO_ASHP -->
 <test name="BscShdwAccumsToAshpTest" parallel="tests" thread-count="1">
    <parameter name="NameOfTestDataSheet" value="BSCA_SHDW_ACCUMS_TO_ASHP"/> 
     <parameter name="FileSpecificFolderName" value="BSCA_SHDW_ACCUMS_TO_ASHP"/>
	  <classes>
	  <class name="com.bsc.qa.facets.tests.BscShdwAccumsToAshpTest">
	 </class>
	</classes>
  </test>	
 
 <!-- |||||||||||||||||||||||||||END OF SCOPE TEST CLASSES||||||||||||||||||||||||||||| -->
</suite>
    
    <!-- |||||||||||||||||||||| ADD <TESTS> CALSSES TO RUN  ABOVE |||||||||||||||||||||||| -->
    <!-- |||||||||||||||||||||||||||OUT OF SCOPE TEST CLASSES||||||||||||||||||||||||||||| -->
	<!-- <=== DO NOT REMOVE
	
	
     DO NOT REMOVE ===> --> 
    <!-- |||||||||||||||||||||||||||END OUT OF SCOPE TEST CLASSES||||||||||||||||||||||||||||| -->
 