<?xml version="1.0" encoding="UTF-8"?>
<!DOCTYPE suite SYSTEM "http://testng.org/testng-1.0.dtd">
<suite name="Suite" parallel="tests" thread-count="8">
	<listeners>
	<listener class-name="com.bsc.qa.facets.listener.WinDriverListener"></listener>
	</listeners>
	 <test name="CalcDemo" parallel="tests" thread-count="4">
		<parameter name="Application_" value="C:\\Program Files (x86)\\Trizetto\\Facets\\System\\Bin\\ceraexe0.exe"/>	
		<parameter name="Driver_" value="C:\\WinDriver\\Winium.Desktop.Driver.exe"/>
		<classes>
		 	<class name="com.bsc.qa.facets.tests.FacetsLoadPZBTest" /> 		 	
		</classes>
	</test>
</suite>
