MasterQuery-Select DISTINCT(elig.CSCS_ID),SBSB_ID, MEME.MEME_FIRST_NAME,MEME.MEME_LAST_NAME,MEME.MEME_MID_INIT,ADDR.SBAD_ADDR2,ADDR.SBAD_CITY,ADDR.SBAD_STATE,ADDR.SBAD_ZIP,MEME.MEME_TITLE,ADDR.SBAD_PHONE,SBAD_EMAIL,SBSB.SBAD_TYPE_HOME, MEME.MEME_REL,SBSB_MCTR_STS,MEME.MEME_SFX,GRGR.GRGR_ID,MEME.MEME_HICN,GRGR.GRGR_NAME, SBSB.SBSB_ORIG_EFF_DT,MEME.MEME_SSN,MEME_BIRTH_DT, MEME.MEME_SEX,MEME.MEME_MARITAL_STATUS,MEME_MCTR_LANG,SBAD_ADDR1,SGSG.SGSG_ID,sbad_fax,ELIG.CSPD_CAT,ELIG.MEPE_TERM_DT,ELIG.MEPE_EFF_DT,GRGR.GRGR_EIN,ELIG.CSPI_ID  FROM FACETS.CMC_MEPE_PRCS_ELIG ELIG, FACETS.CMC_SBSB_SUBSC SBSB, FACETS.CMC_MEME_MEMBER MEME, FACETS.CMC_GRGR_GROUP GRGR, FACETS.CMC_SBAD_ADDR ADDR, FACETS.CMC_SGSG_SUB_GROUP SGSG WHERE  MEME.MEME_CK = elig.MEME_CK AND ELIG.MEME_CK=SBSB.SBSB_CK AND MEME.SBSB_CK=SBSB.SBSB_CK AND GRGR.GRGR_CK=SBSB.GRGR_CK AND SBSB.SBSB_CK = ADDR.SBSB_CK AND SGSG.SGSG_CK=SBSB.GRGR_CK AND MEME.MEME_SSN= :ssn order by ELIG.MEPE_TERM_DT DESC
COB-SELECT COB.MECB_INSUR_ORDER,COB.MECB_POLICY_ID,MECB_INSUR_TYPE,COB.MECB_EFF_DT,COB.MECB_TERM_DT,MCRE.MCRE_NAME,MCRE.MCRE_ADDR1,MCRE.MCRE_ADDR2,MCRE.MCRE_CITY,MCRE.MCRE_STATE,MCRE.MCRE_ZIP,MCRE.MCRE_CTRY_CD FROM FACETS.CMC_MEME_MEMBER MEME, FACETS.CMC_SBSB_SUBSC SBSB, FACETS.CMC_MECB_COB COB, FC_CMC_MCRE_RELAT_ENT MCRE WHERE MEME.SBSB_CK=SBSB.SBSB_CK AND MEME.MEME_CK=COB.MEME_CK AND COB.MCRE_ID=MCRE.MCRE_ID AND MEME.MEME_SSN= :ssn
MemberDemographic-SELECT SBSB_ID, MEME.MEME_FIRST_NAME,MEME.MEME_LAST_NAME,MEME.MEME_MID_INIT,MEME.MEME_TITLE, MEME.MEME_REL,SBSB_MCTR_STS,MEME.MEME_SFX,MEME.MEME_HICN,SBSB.SBSB_ORIG_EFF_DT, MEME.MEME_SSN,MEME_BIRTH_DT, MEME.MEME_SEX,MEME.MEME_MARITAL_STATUS,MEME_MCTR_LANG FROM FACETS.CMC_SBSB_SUBSC SBSB,  FACETS.CMC_MEME_MEMBER MEME WHERE MEME.MEME_SSN= :ssn AND MEME.SBSB_CK=SBSB.SBSB_CK
MemberAddress-SELECT SBAD_ADDR1,ADDR.SBAD_ADDR2,ADDR.SBAD_CITY,ADDR.SBAD_STATE,ADDR.SBAD_ZIP,ADDR.SBAD_PHONE,SBAD_EMAIL,SBSB.SBAD_TYPE_HOME,SBAD_FAX FROM FACETS.CMC_SBSB_SUBSC SBSB,  FACETS.CMC_MEME_MEMBER MEME,  FACETS.CMC_SBAD_ADDR ADDR WHERE MEME.SBSB_CK=SBSB.SBSB_CK AND SBSB.SBSB_CK = ADDR.SBSB_CK AND  MEME.MEME_SSN= :ssn AND ADDR.SBAD_PHONE<>' '
MemberEligiblity-SELECT ELIG.CSCS_ID,ELIG.CSPD_CAT,to_char(ELIG.MEPE_TERM_DT,'yyyyMMdd'),ELIG.MEPE_EFF_DT,ELIG.CSPI_ID  FROM FACETS.CMC_MEPE_PRCS_ELIG ELIG, FACETS.CMC_MEME_MEMBER MEME WHERE   MEME.MEME_CK = ELIG.MEME_CK  AND MEME.MEME_SSN= :ssn  AND SYSDATE BETWEEN ELIG.MEPE_EFF_DT AND ELIG.MEPE_TERM_DT
MemberGroup-SELECT DISTINCT SBSB.SBSB_ID, GRGR.GRGR_ID, GRGR.GRGR_NAME, GRGR.GRGR_EIN,SGSG.SGSG_ID FROM FACETS.CMC_GRGR_GROUP GRGR,   FACETS.CMC_SBSB_SUBSC SBSB,   FACETS.CMC_MEME_MEMBER MEME,  FACETS.CMC_SBSG_RELATION SBSG,  FACETS.CMC_SGSG_SUB_GROUP SGSG   WHERE   SBSB.GRGR_CK=GRGR.GRGR_CK  AND SBSB.SBSB_CK=SBSG.SBSB_CK AND SGSG.SGSG_CK=SBSG.SGSG_CK  AND MEME.SBSB_CK=SBSB.SBSB_CK  AND MEME.MEME_SSN= :ssn
ITSPrefix-SELECT CSPI.CSPI_ITS_PREFIX FROM FACETS.CMC_MEPE_PRCS_ELIG ELIG, FACETS.CMC_MEME_MEMBER MEME,FACETS.CMC_CSPI_CS_PLAN CSPI WHERE   MEME.MEME_CK = ELIG.MEME_CK AND CSPI.GRGR_CK=ELIG.GRGR_CK AND MEME.MEME_SSN= :ssn
MestType-SELECT MEST.MEST_TYPE FROM FC_CMC_MEST_STUDENT MEST, FACETS.CMC_MEME_MEMBER MEME WHERE MEME.MEME_CK=MEST.MEME_CK AND MEME.MEME_SSN= :ssn
CSPIEffDate-SELECT TO_CHAR(ELIG.MEPE_EFF_DT, 'YYYYMMDD') AS MEPE_EFF_DT,TO_CHAR(CSPI.CSPI_EFF_DT, 'YYYYMMDD') AS CSPI_EFF_DT FROM FC_CMC_SBSB_SUBSC SBSB JOIN FC_CMC_MEME_MEMBER MEME ON MEME.SBSB_CK = SBSB.SBSB_CK JOIN FC_CMC_MEPE_PRCS_ELIG ELIG ON ELIG.MEME_CK = MEME.MEME_CK JOIN FC_CMC_CSPI_CS_PLAN CSPI ON CSPI.CSPI_ID = ELIG.CSPI_ID and CSPI.PDPD_ID = ELIG.PDPD_ID WHERE MEME.MEME_SSN = :meme_ssn AND ELIG.MEPE_ELIG_IND = 'Y' and CSPI.CSCS_ID = :cscs_id AND CSPI.CSPI_EFF_DT = TO_DATE( :eff_dt, 'YYYYMMDD')
COOCOB-SELECT COB.MECB_INSUR_ORDER,COB.MECB_POLICY_ID,MECB_INSUR_TYPE,COB.MECB_EFF_DT, COB.MECB_TERM_DT,MCRE.MCRE_NAME,MCRE.MCRE_ADDR1,MCRE.MCRE_ADDR2,MCRE.MCRE_CITY, MCRE.MCRE_STATE,MCRE.MCRE_ZIP,MCRE.MCRE_CTRY_CD FROM FACETS.CMC_MEME_MEMBER MEME, FACETS.CMC_SBSB_SUBSC SBSB, FACETS.CMC_MECB_COB COB, FACETS.CMC_MCRE_RELAT_ENT MCRE WHERE MEME.SBSB_CK=SBSB.SBSB_CK AND MEME.MEME_CK=COB.MEME_CK AND COB.MCRE_ID=MCRE.MCRE_ID AND SBSB.SBSB_ID= :sbsb_id AND MEME.MEME_SFX= :sfx
COOMemberDemographic-SELECT SBSB_ID, MEME.MEME_FIRST_NAME,MEME.MEME_LAST_NAME,MEME.MEME_MID_INIT, MEME.MEME_TITLE, MEME.MEME_REL,SBSB_MCTR_STS,MEME.MEME_SFX, MEME.MEME_HICN,SBSB.SBSB_ORIG_EFF_DT, MEME.MEME_SSN,MEME_BIRTH_DT, MEME.MEME_SEX,MEME.MEME_MARITAL_STATUS,MEME_MCTR_LANG FROM FACETS.CMC_SBSB_SUBSC SBSB,  FACETS.CMC_MEME_MEMBER MEME WHERE MEME.SBSB_CK=SBSB.SBSB_CK AND SBSB.SBSB_ID= :sbsb_id AND MEME.MEME_SFX= :sfx
COOMemberAddress-SELECT SBAD_ADDR1,ADDR.SBAD_ADDR2,ADDR.SBAD_CITY,ADDR.SBAD_STATE, ADDR.SBAD_ZIP,ADDR.SBAD_PHONE,SBAD_EMAIL,SBSB.SBAD_TYPE_HOME,SBAD_FAX FROM FACETS.CMC_SBSB_SUBSC SBSB,  FACETS.CMC_MEME_MEMBER MEME,  FACETS.CMC_SBAD_ADDR ADDR WHERE MEME.SBSB_CK=SBSB.SBSB_CK AND SBSB.SBSB_CK = ADDR.SBSB_CK AND SBSB.SBSB_ID= :sbsb_id AND MEME.MEME_SFX= :sfx AND ADDR.SBAD_PHONE<>' '
COOMemberEligiblity-SELECT ELIG.CSCS_ID,ELIG.CSPD_CAT,to_char(ELIG.MEPE_TERM_DT,'yyyyMMdd'),ELIG.MEPE_EFF_DT,ELIG.CSPI_ID FROM FACETS.CMC_MEPE_PRCS_ELIG ELIG, FACETS.CMC_MEME_MEMBER MEME , FACETS.CMC_SBSB_SUBSC SBSB WHERE   MEME.MEME_CK = ELIG.MEME_CK AND MEME.SBSB_CK=SBSB.SBSB_CK AND SBSB.SBSB_ID= :sbsb_id AND MEME.MEME_SFX= :sfx AND SYSDATE BETWEEN ELIG.MEPE_EFF_DT AND ELIG.MEPE_TERM_DT
COOMemberGroup-SELECT DISTINCT SBSB.SBSB_ID, GRGR.GRGR_ID, GRGR.GRGR_NAME, GRGR.GRGR_EIN,SGSG.SGSG_ID FROM FACETS.CMC_GRGR_GROUP GRGR,   FACETS.CMC_SBSB_SUBSC SBSB,   FACETS.CMC_MEME_MEMBER MEME,  FACETS.CMC_SBSG_RELATION SBSG,  FACETS.CMC_SGSG_SUB_GROUP SGSG   WHERE   SBSB.GRGR_CK=GRGR.GRGR_CK  AND SBSB.SBSB_CK=SBSG.SBSB_CK AND SGSG.SGSG_CK=SBSG.SGSG_CK  AND MEME.SBSB_CK=SBSB.SBSB_CK AND SBSB.SBSB_ID= :sbsb_id AND MEME.MEME_SFX= :sfx
COOITSPrefix-SELECT DISTINCT(CSPI.CSPI_ITS_PREFIX) FROM FACETS.CMC_MEPE_PRCS_ELIG ELIG, FACETS.CMC_MEME_MEMBER MEME, FACETS.CMC_CSPI_CS_PLAN CSPI, FACETS.CMC_SBSB_SUBSC SBSB WHERE   MEME.MEME_CK = ELIG.MEME_CK AND CSPI.GRGR_CK=ELIG.GRGR_CK AND MEME.SBSB_CK=SBSB.SBSB_CK AND SBSB.SBSB_ID= :sbsb_id AND MEME.MEME_SFX= :sfx
COOMestType-SELECT MEST.MEST_TYPE FROM FC_CMC_MEST_STUDENT MEST, FACETS.CMC_MEME_MEMBER MEME, FACETS.CMC_SBSB_SUBSC SBSB WHERE MEME.MEME_CK=MEST.MEME_CK AND MEME.SBSB_CK=SBSB.SBSB_CK AND SBSB.SBSB_ID= :sbsb_id AND MEME.MEME_SFX= :sfx