<?xml version="1.0" encoding="UTF-8"?>
<!DOCTYPE suite SYSTEM "http://testng.org/testng-1.0.dtd" >
<suite name="Suite" parallel="tests" thread-count="1">
   <!-- Data sheet location and root folder location are declared for the entire suite  -->
   <parameter name="TestDataSheetLocation" value="src/test/resources/TestData.xlsx"/>
   <parameter name="RootLocationOfFlatFiles" value="src/test/resources/test_files/"/>
 
   <!-- DB environment values are declared for the entire suite  -->
   <parameter name="DB_Name" value="FACN51A"/>
	<parameter name="DB_User" value="UmtiPHqAdq4LqS88ksBl8FiRPZ2itFEeGAUnz8KmPVuMxZF4nNosqTuBWuOIHbkdydhx0eEFY9RFzgbCx5/51Q=="/>
	<parameter name="DB_Pwd"  value="q38rcQvDU+sGz8capFBMLvfk1Lffdw4UAnG6ZLCzWQGbDD/dtIqIdj7zQvPNjkvQBRhJnDU4+Mfp/qoMhsZ7RA=="/>
   <parameter name="DB_Server" value="uorc398n.dev.bscal.local"/>
   <parameter name="DB_Port" value="12521"/>
 
    <!-- |||||||||||||||||||||||||||IN SCOPE TEST CLASSES||||||||||||||||||||||||||||| -->
    
 <!-- NAME YOOUR TEST BASED ON FILE NAME -->
  <test name="FlatFileTesting" parallel="tests" thread-count="1">
    <parameter name="NameOfTestDataSheet" value="mam_file_data"/> 
     <parameter name="FileSpecificFolderName" value="mam_files"/>
	<classes>
	  <class name="com.bsc.qa.facets.tests.BinderPaymentE2EValidationTest">
	 </class>
	</classes>
    </test>
 <!-- |||||||||||||||||||||||||||END OF SCOPE TEST CLASSES||||||||||||||||||||||||||||| -->
</suite>
