<?xml version="1.0" encoding="UTF-8"?>
<!DOCTYPE suite SYSTEM "http://testng.org/testng-1.0.dtd" >
<suite name="Suite" parallel="tests" thread-count="1">
   <!-- Data sheet location and root folder location are declared for the entire suite  -->
   <parameter name="TestDataSheetLocation" value="src/test/resources/TestData.xlsx"/>
   <parameter name="RootLocationOfFlatFiles" value="src/test/resources/test_files/"/>
 
   <!-- DB environment values are declared for the entire suite  -->
		<parameter name="DB_Name" value="FACH71A"/>
		<parameter name="DB_User" value="yjKDc1bPtveJU0tRyrFo2GSuUOpsbRttZkPR77fCexZwcM957fEYfTzM0K5U+Fg0wozOt75MKk1TtEmYrBWlEg=="/>
		<parameter name="DB_Pwd" value="w1/ewujMNYakK82vz9WcBUcnHfvqf7GPDRt4Te2iOGc2I3EqquMPUnTYW/j2gFyLNHv0zQ9lnr/oBAfZ0UNrmg=="/>
		<parameter name="DB_Server" value="uorc392h.dev.bscal.local"/>
		<parameter name="DB_Port" value="12521"/>
 
    <!-- |||||||||||||||||||||||||||IN SCOPE TEST CLASSES||||||||||||||||||||||||||||| -->
    
 <!-- NAME YOOUR TEST BASED ON FILE NAME -->
  <test name="FlatFileTesting" parallel="tests" thread-count="1">
    <parameter name="NameOfTestDataSheet" value="BinderPayment_E2E_query"/> 
     <parameter name="FileSpecificFolderName" value="binder_payment_files"/>
	<classes>
	  <class name="com.bsc.qa.facets.tests.BinderPaymentE2EValidationTest">
	 </class>
	</classes>
    </test>
 <!-- |||||||||||||||||||||||||||END OF SCOPE TEST CLASSES||||||||||||||||||||||||||||| -->
</suite>
