<?xml version="1.0" encoding="UTF-8"?>
<!DOCTYPE suite SYSTEM "http://testng.org/testng-1.0.dtd" >
<suite name="Suite" parallel="tests" thread-count="1">
   <!-- Data sheet location and root folder location are declared for the entire suite  -->
   <parameter name="TestDataSheetLocation" value="src/test/resources/TestData.xlsx"/>
   <parameter name="RootLocationOfFlatFiles" value="src/test/resources/test_files/"/>
 
   <!-- DB environment values are declared for the entire suite  -->
		<parameter name="DB_Name" value="FACN52A"/>
		<parameter name="DB_User" value="DwsiBLMqkRIQOmO6pbOPrcplvqwf1+dTDv/hBC7KSPaU/iK7p9jrSnu3R1UuIW9szp+EeX3KoPEpiVIkM2fnLQ=="/>
		<parameter name="DB_Pwd" value="tqiHa7o2pubbCaI7TwBzdyLO3Lhzc7I/s6QE02kNjbxxVX+TbzmKtucVTRTPspuRPrI80djaIYSIp/SpWzmfgg=="/>
		<parameter name="DB_Server" value="uorc372n.dev.bscal.local"/>
		<parameter name="DB_Port" value="12521"/>
 
    <!-- |||||||||||||||||||||||||||IN SCOPE TEST CLASSES||||||||||||||||||||||||||||| -->
    
 <!-- NAME YOOUR TEST BASED ON FILE NAME -->
  <test name="FlatFileTesting" parallel="tests" thread-count="1">
    <parameter name="NameOfTestDataSheet" value="mam_full_body_qrueries"/> 
     <parameter name="FileSpecificFolderName" value="mam_files"/>
	<classes>
	  <class name="com.bsc.qa.facets.tests.MamLimitedRowsFileValidation">
	  
	 </class>
	</classes>
    </test>
 <!-- |||||||||||||||||||||||||||END OF SCOPE TEST CLASSES||||||||||||||||||||||||||||| -->
</suite>
