<?xml version="1.0" encoding="UTF-8"?>
<!DOCTYPE suite SYSTEM "http://testng.org/testng-1.0.dtd" >
<suite name="Suite" parallel="tests" thread-count="1">
   <!-- Data sheet location and root folder location are declared for the entire suite  -->
   <parameter name="TestDataSheetLocation" value="src/test/resources/TestData.xlsx"/>
   <parameter name="RootLocationOfFlatFiles" value="src/test/resources/test_files/"/>
 
   <!-- DB environment values are declared for the entire suite  -->
		<parameter name="DB_Name" value="FACN52A"/>
		<parameter name="DB_User" value="K0gnTz7+wVByX2t1b5nwdJ1m6R5KCC2d/xkcGDq9RWcDaP4Z3havy+PCmAL3AAGo9vaWob4cX8SbZQRxGSJTYA=="/>
		<parameter name="DB_Pwd" value="Wo2T4Wn30LTq90g0snYrha9GRWJ3qdviEQB8NHCqbPJgOjan66pWbMLddBlXFOZBJ4Q3BlpgsNnd5bFJza0d+g=="/>
		<parameter name="DB_Server" value="uorc372n.dev.bscal.local"/>
		<parameter name="DB_Port" value="12521"/>
 
    <!-- |||||||||||||||||||||||||||IN SCOPE TEST CLASSES||||||||||||||||||||||||||||| -->
    
 <!-- NAME YOOUR TEST BASED ON FILE NAME -->
  <test name="FlatFileTesting" parallel="tests" thread-count="1">
    <parameter name="NameOfTestDataSheet" value="mam_file_data"/> 
     <parameter name="FileSpecificFolderName" value="mam_files"/>
	<classes>
	  <class name="com.bsc.qa.facets.tests.MamSingleElementsValidation">
	 </class>
	</classes>
    </test>
 <!-- |||||||||||||||||||||||||||END OF SCOPE TEST CLASSES||||||||||||||||||||||||||||| -->
</suite>
