<?xml version="1.0" encoding="UTF-8"?>
<!DOCTYPE suite SYSTEM "http://testng.org/testng-1.0.dtd" >
<suite name="Suite" parallel="tests" thread-count="1">
   <!-- Data sheet location and root folder location are declared for the entire suite  -->
   <parameter name="RootLocationOfFlatFiles" value="src/test/resources/Test Data"/>
	<parameter name="ResultsDestinationFolderPath" value="target/Results/"></parameter>   
   <parameter name="TestDataSheetLocation" value="src/test/resources/TestData.xlsx"/>   
 
		

 <!-- ASHP_ACCUMS_TO_OPTUM_RX -->
  <test name="OutboundFileValidation" parallel="tests" thread-count="1">
	<parameter name="NameOfTestDataSheet" value="837OutFileValTestData"/> 
	<parameter name="FileSpecificFolderName" value="BscaCare1stMMTest"/>
	<classes>
	<!--  <class name="com.bsc.qa.facets.tests.BscaAccumToOptumRXTest"></class> -->
	 <class name="com.bsc.qa.facets.tests.BscaCare1stMMTest"></class>
	 <!--  <class name="com.bsc.qa.facets.tests.BscaCare1stMMTest"></class> -->
	  
	<!--  <class name="com.bsc.qa.facets.tests.BscaCare1stMMInboundAutomation"></class> -->
	</classes>
 </test>
 
 <!-- |||||||||||||||||||||||||||END OF SCOPE TEST CLASSES||||||||||||||||||||||||||||| -->
</suite>
    
    <!-- |||||||||||||||||||||| ADD <TESTS> CALSSES TO RUN  ABOVE |||||||||||||||||||||||| -->
    <!-- |||||||||||||||||||||||||||OUT OF SCOPE TEST CLASSES||||||||||||||||||||||||||||| -->
	<!-- <=== DO NOT REMOVE
	
     DO NOT REMOVE ===> --> 
    <!-- |||||||||||||||||||||||||||END OUT OF SCOPE TEST CLASSES||||||||||||||||||||||||||||| -->
 