<?xml version="1.0" encoding="UTF-8"?>
<!DOCTYPE suite SYSTEM "http://testng.org/testng-1.0.dtd">
<suite name="Suite" parallel="tests" thread-count="1">
 <parameter name="TestDataSheetLocation" value="TestData/Data_Sheet.xlsx"/>
	 <parameter name="NameOfTestDataSheet" value="Input"/>
 		
		<parameter name="dataSheetName" value="Datasheet"/>
		
		
		  <test name="XMLToPDFValidator" parallel="tests" thread-count="1">
  <classes>
	 <class name="com.bsc.qa.PCPNotification.XmlToPdfValidator.XmlToPdfTester"></class>
	
	</classes>
  </test> <!-- Test -->
</suite> <!-- Suite -->
