<?xml version="1.0" encoding="UTF-8"?>
<!DOCTYPE suite SYSTEM "http://testng.org/testng-1.0.dtd">
<suite name="Suite" parallel="tests" thread-count="1">
   <!-- Data sheet location and root folder location are declared for the entire suite  -->
   <parameter name="TestDataSheetLocation" value="src/test/resources/target/Data_Sheet.xlsx"/>
	 <parameter name="NameOfTestDataSheet" value="Input"/>
	 <parameter name="sourceDataSheet" value="src/test/resources/Input/Data_Sheet.xlsx"/>
	 
 		
		<parameter name="dataSheetName" value="Datasheet"/>
		<parameter name="dBSheetName" value="dBEnvironment"/>
		
		  <test name="dBToPdfValidator" parallel="tests" thread-count="1">
	 
	<!-- <parameter name="FileSpecificFolderName" value="BscaCare1stMMTest"/> -->
	<classes>
	 <class name="DbToPdfValidator.tests.DbToPdfTester"></class>
	 <!--  <class name="com.bsc.qa.facets.tests.BscaCare1stMMTest"></class> -->
	  
	<!--  <class name="com.bsc.qa.facets.tests.BscaCare1stMMInboundAutomation"></class> -->
	</classes>
 </test>
 
 <!-- |||||||||||||||||||||||||||END OF SCOPE TEST CLASSES||||||||||||||||||||||||||||| -->
</suite>

  
