<?xml version="1.0" encoding="UTF-8"?>
<!DOCTYPE suite SYSTEM "http://testng.org/testng-1.0.dtd" >
<suite name="Suite" parallel="tests" thread-count="1">
   <!-- Data sheet location and root folder location are declared for the entire suite  -->
   <parameter name="TestDataSheetLocation" value="src/test/resources/TestData.xlsx"/>
   <parameter name="FileFieldAndDBColumnMappingFilePath" value="src/test/resources/FileFieldAndTableColumnMapping.xlsx"></parameter>
   <parameter name="RootLocationOfFlatFiles" value="\\\\bsc\\it\\ITQA_Automation\\Care1st Member migration\\Automation\\SUC automation\\Test Data\\"/>
  <!-- <parameter name="ResultsSourceFolderPath" value="C://Users//amoham05//bqsa32//workspace//Care1stMMInboundAndOutboundFileValidation"></parameter> -->
  <parameter name="ResultsDestinationFolderPath" value="\\\\bsc\\it\\ITQA_Automation\\Care1st Member migration\\Automation\\SUC automation\\Results\\"></parameter>
  
   <!--  |||||||||||||||||||||||||||IN SCOPE TEST CLASSES||||||||||||||||||||||||||||| -->
	
 <!-- Provider Taxonomy -->
  <test name="ProviderTaxonomy" parallel="tests" thread-count="1">
	 <parameter name="NameOfTestDataSheet" value="Provider_Taxonomy"/>
	<classes>
	 <class name="com.bsc.qa.facets.tests.BscaProviderTaxonomyTest"></class>
	</classes>
 </test> 
 <!-- |||||||||||||||||||||||||||END OF SCOPE TEST CLASSES||||||||||||||||||||||||||||| -->
</suite>
    
    <!-- |||||||||||||||||||||| ADD <TESTS> CALSSES TO RUN  ABOVE |||||||||||||||||||||||| -->
    <!-- |||||||||||||||||||||||||||OUT OF SCOPE TEST CLASSES||||||||||||||||||||||||||||| -->
	<!-- <=== DO NOT REMOVE 
     DO NOT REMOVE ===> --> 
    <!-- |||||||||||||||||||||||||||END OUT OF SCOPE TEST CLASSES||||||||||||||||||||||||||||| -->