<?xml version="1.0" encoding="UTF-8"?>
<!DOCTYPE suite SYSTEM "http://testng.org/testng-1.0.dtd" >
<suite name="Suite" parallel="tests" thread-count="1">
   <!-- Data sheet location and root folder location are declared for the entire suite  -->
   <parameter name="TestDataSheetLocation" value="src/test/resources/TestData.xlsx"/>
   <parameter name="FileFieldAndDBColumnMappingFilePath" value="src/test/resources/FileFieldAndTableColumnMapping.xlsx"></parameter>
   <parameter name="RootLocationOfFlatFiles" value="\\\\bsc\\it\\ITQA_Automation\\Care1st Member migration\\Automation\\SUC automation\\Test Data\\"/>
  <parameter name="ResultsSourceFolderPath" value="C://Users//bgujja01//bqsa32//workspace//Care1stMMInboundAndOutboundFileValidation"></parameter>
  <parameter name="ResultsDestinationFolderPath" value="\\\\bsc\\it\\ITQA_Automation\\Care1st Member migration\\Automation\\SUC automation\\Results\\"></parameter>
 
  <!-- DB environment values are declared for the entire suite  -->
		<!-- <parameter name="DB_Name" value="FACN52A"/>
		<parameter name="DB_User" value="NjE1M180MDMwODEwMjEwc2FyYW5zeXNtaWxsaW9uMDQwMzM1MDY="/>
		<parameter name="DB_Pwd" value="NjE1M180MDMwODEwMkNTQlI3NWVyaWRfNzdkbGFic2VjdGlvbjA0MDMzNTUy"/>
		<parameter name="DB_Server" value="uorc372n.dev.bscal.local"/>
		<parameter name="DB_Port" value="12521"/> -->
   <!--  |||||||||||||||||||||||||||IN SCOPE TEST CLASSES||||||||||||||||||||||||||||| -->
    <parameter name="DB_Name" value="FACH64A"/>
		<parameter name="DB_User" value="MzIyMF81MDYxODEwMjEwYWRsYWxheXNjZWlsaW5nMTExNjAyNDI="/>
		<parameter name="DB_Pwd" value="MzIyMF81MDYxODEwMmF0bDNEX21yMGYxblVfdDBydHgwRmRpc2Vhc2UxMTE2MDIxOQ=="/>
		<parameter name="DB_Server" value="uorc392h.dev.bscal.local"/>
		<parameter name="DB_Port" value="12521"/>
		

 <!-- ASHP_ACCUMS_TO_OPTUM_RX -->
  <test name="InboundFileTesting" parallel="tests" thread-count="1">
	<parameter name="NameOfTestDataSheet" value="BSCA_Care1st_MM_Test"/> 
	<!-- <parameter name="FileSpecificFolderName" value="BscaCare1stMMTest"/> -->
	<classes>
	<!--  <class name="com.bsc.qa.facets.tests.BscaAccumToOptumRXTest"></class> -->
	 <class name="com.bsc.qa.facets.tests.BscaCare1stMMTest"></class>
	 <!--  <class name="com.bsc.qa.facets.tests.BscaCare1stMMTest"></class> -->
	  
	<!--  <class name="com.bsc.qa.facets.tests.BscaCare1stMMInboundAutomation"></class> -->
	</classes>
 </test>
 
 <!-- |||||||||||||||||||||||||||END OF SCOPE TEST CLASSES||||||||||||||||||||||||||||| -->
</suite>
    
    <!-- |||||||||||||||||||||| ADD <TESTS> CALSSES TO RUN  ABOVE |||||||||||||||||||||||| -->
    <!-- |||||||||||||||||||||||||||OUT OF SCOPE TEST CLASSES||||||||||||||||||||||||||||| -->
	<!-- <=== DO NOT REMOVE
	
	
		
 <test name="FlatFileTesting" parallel="tests" thread-count="1">
	<parameter name="NameOfTestDataSheet" value="OutboundTestingData"/> 
	<parameter name="FileSpecificFolderName" value="BSCA_ACCUMS_TO_CVS"/>
	<classes>
	 <class name="com.bsc.qa.facets.tests.Bsca_Accums_To_CVS_Test">
	 </class>
	</classes>
 </test> 
 

 <test name="OUTBOUND_BSCA_ACCUMS_TO_EIS" parallel="tests" thread-count="1">
	<parameter name="NameOfTestDataSheet" value="BSCA_ACCUMS_TO_EIS"/>  
	<parameter name="FileSpecificFolderName" value="BSCA_ACCUMS_TO_ESI"/>
	<classes>
	 <class name="com.bsc.qa.facets.tests.Bsca_Accums_To_CVS_Test2">
	 </class>
	</classes>
 </test> 
 
     DO NOT REMOVE ===> --> 
    <!-- |||||||||||||||||||||||||||END OUT OF SCOPE TEST CLASSES||||||||||||||||||||||||||||| -->
 